{
    "load_time_seconds": 1.078,
    "training_time_seconds": 3.0353,
    "auc_roc": 0.806111,
    "accuracy": 0.998455,
    "f1_score": 0.584906,
    "precision": 0.54386,
    "recall": 0.632653,
    "inference_latency_1_row_ms": 0.1996,
    "inference_throughput_1000_rows_per_sec": 429674.26
}